policy,n,q_p50,q_p90,q_p99,q_max,sd_p50,sd_p90,sd_max,alloc_max,alloc_avg
fifo,111586,9744937.199999992,20811422.900000002,22446436.09999999,22569846.300000004,6753.325753228119,264415.53544303786,2255957.3000000007,100.0,99.01088139257546
sjf,111586,2191.89999999851,208799.40000000037,18465018.299999986,21747988.100000005,3.3303878034339296,56.05228070175569,413840.91,100.0,99.42018427320892
las,111586,3582038.0,4120126.5,18967918.5,19718241.0,2393.529879679144,62827.99230769231,1964852.8200000003,100.0,99.4897538834091
kueue,111586,3582038.0,4120126.5,18967918.5,19718241.0,2393.529879679144,62827.99230769231,1964852.8200000003,100.0,99.4897538834091
easy,111586,4603948.799999999,15957714.200000014,21595938.000000015,21909358.100000016,3512.216387959866,19322.552112676072,2179498.9000000013,100.0,99.3014021161641
themis,111586,8715.5,306825.2000000002,17489975.5,22046030.6,8.035582822081318,61.29714285714286,1095480.8,100.0,99.4383962339567
sfqa,111586,2711291.8000000007,17217747.100000028,21203977.60000001,21561337.5,2243.9071092278714,146944.23188405798,2147263.8600000003,100.0,99.09599055616049
sfqa-auto,111586,3818475.6999999993,17490765.599999998,20777330.499999996,21104100.39999999,2824.214778325123,176191.2265060242,2098510.7200000007,100.0,99.0730717725146
lucid,111586,970.0958032328635,43475.541683867574,15996479.734704837,20824397.324082553,1.703172414230645,12.035611640927167,7638.395515180751,100.0,99.69485129656191
